category,tip
Focus,Use the Pomodoro technique to stay productive in short bursts.
Organization,Sort your email inbox at the start of each day.
Planning,Write down tomorrow’s top three tasks before leaving work.
Meetings,End meetings 5 minutes early to give people transition time.
Breaks,Take a walk during lunch to recharge your body and mind.
Wellness,Keep healthy snacks nearby to maintain energy levels.
Workspace,Add personal touches like a plant or photo for comfort.
Learning,Listen to an educational podcast during your commute.
Prioritization,Use the Eisenhower Matrix to decide what’s urgent and important.
Automation,Automate repetitive tasks like scheduling with tools.
Batching,Group small tasks together and do them in one session.
Focus,Mute notifications when working on high-priority projects.
Planning,Break big projects into smaller milestones.
Meetings,Invite only essential participants to meetings.
Breaks,Stretch for 2 minutes every hour at your desk.
Wellness,Practice mindfulness for 5 minutes daily.
Workspace,Use cable organizers to keep your desk neat.
Learning,Dedicate 30 minutes weekly to skill development.
Prioritization,Start with the hardest task first each day.
Automation,Use keyboard shortcuts to save time.
Batching,Check emails only 2–3 times per day instead of constantly.
Focus,Work with background music that helps concentration.
Planning,Set deadlines even for tasks without one.
Meetings,Summarize next steps at the end of each meeting.
Breaks,Stand up when taking phone calls.
Wellness,Drink a glass of water every hour.
Workspace,Keep only the essentials on your desk.
Learning,Share one thing you learned with a teammate.
Prioritization,Use color coding for task urgency.
Automation,Create templates for emails you send often.
Batching,"Handle similar tasks together, like returning calls."
Focus,Block distracting websites during work hours.
Planning,Review your goals weekly to stay aligned.
Meetings,Always define the meeting purpose beforehand.
Breaks,"Use short breaks to move your body, not your phone."
Wellness,Practice good posture at your desk.
Workspace,Adjust lighting to reduce eye strain.
Learning,Read one work-related article per day.
Prioritization,Limit your daily to-do list to 5 key tasks.
Automation,Schedule recurring reminders for routine tasks.
Batching,Pay bills or submit expenses at the same time each month.
Focus,Set a timer to stay accountable during work.
Planning,Break meetings into shorter sessions when possible.
Meetings,"Start meetings on time, regardless of attendance."
Breaks,Use coffee or tea breaks as a moment to step away.
Wellness,Stretch your wrists and shoulders regularly.
Workspace,Keep reference documents within easy reach.
Learning,Attend webinars to learn industry updates.
Prioritization,Review your priorities at the start and end of each day.
Automation,Sync your devices for seamless task management.
